Player,Routes,YDS/RT,Open_Score,Catch_Score,Yac_Score,Overall_Score,G_x,REC_x,YDS_x,Y/R_x,YBC_x,YBC/R_x,AIR_x,AIR/R_x,YAC_x,YAC/R_x,YACON_x,YACON/R_x,BRKTKL_x,TGT_x, TM_x,CATCHABLE_x,DROP_x,RZ TGT_x,10+ YDS_x,20+ YDS_x,30+ YDS_x,40+ YDS_x,50+ YDS_x,G_y,REC_y,YDS_y,Y/R_y,YBC_y,YBC/R_y,AIR_y,AIR/R_y,YAC_y,YAC/R_y,YACON_y,YACON/R_y,BRKTKL_y,TGT_y, TM_y,CATCHABLE_y,DROP_y,RZ TGT_y,10+ YDS_y,20+ YDS_y,30+ YDS_y,40+ YDS_y,50+ YDS_y,TD,1D,ADOT,Rat,Year
A.J. Brown,592.0,2.8,92.0,61.0,62.0,88.0,17.0,88.0,1496.0,17.0,953.0,10.8,953.0,10.8,543.0,6.2,192.0,2.2,7.0,145.0,0.3,95.0,6.0,16.0,58.0,23.0,13.0,6.0,3.0,17.0,88.0,1496.0,17.0,953.0,10.8,953.0,10.8,543.0,6.2,192.0,2.2,7.0,145.0,0.3,95.0,6.0,16.0,58.0,23.0,13.0,6.0,3.0,11.0,59.0,12.1,112.3,2022.0
Justin Jefferson,667.0,2.8,81.0,81.0,50.0,85.0,17.0,128.0,1809.0,14.1,1185.0,9.3,1185.0,9.3,624.0,4.9,132.0,1.0,6.0,184.0,0.3,134.0,5.0,28.0,74.0,28.0,14.0,6.0,1.0,17.0,128.0,1809.0,14.1,1185.0,9.3,1185.0,9.3,624.0,4.9,132.0,1.0,6.0,184.0,0.3,134.0,5.0,28.0,74.0,28.0,14.0,6.0,1.0,8.0,80.0,10.1,104.2,2022.0
Tyler Lockett,542.0,2.0,95.0,79.0,29.0,84.0,16.0,84.0,1033.0,12.3,759.0,9.0,759.0,9.0,274.0,3.3,23.0,0.3,1.0,117.0,0.2,87.0,2.0,8.0,42.0,14.0,8.0,1.0,0.0,16.0,84.0,1033.0,12.3,759.0,9.0,759.0,9.0,274.0,3.3,23.0,0.3,1.0,117.0,0.2,87.0,2.0,8.0,42.0,14.0,8.0,1.0,0.0,9.0,50.0,10.6,106.5,2022.0
Stefon Diggs,619.0,2.5,83.0,81.0,43.0,83.0,17.0,110.0,1455.0,13.2,1023.0,9.3,1023.0,9.3,432.0,3.9,100.0,0.9,2.0,156.0,0.3,117.0,7.0,23.0,57.0,17.0,10.0,6.0,2.0,17.0,110.0,1455.0,13.2,1023.0,9.3,1023.0,9.3,432.0,3.9,100.0,0.9,2.0,156.0,0.3,117.0,7.0,23.0,57.0,17.0,10.0,6.0,2.0,11.0,74.0,11.2,120.3,2022.0
Diontae Johnson,581.0,1.5,99.0,56.0,43.0,81.0,17.0,86.0,882.0,10.3,647.0,7.5,647.0,7.5,235.0,2.7,73.0,0.8,8.0,147.0,0.3,95.0,8.0,16.0,38.0,7.0,3.0,0.0,0.0,17.0,86.0,882.0,10.3,647.0,7.5,647.0,7.5,235.0,2.7,73.0,0.8,8.0,147.0,0.3,95.0,8.0,16.0,38.0,7.0,3.0,0.0,0.0,0.0,45.0,10.2,58.8,2022.0
Chris Olave,403.0,2.6,82.0,69.0,45.0,77.0,15.0,72.0,1042.0,14.5,832.0,11.6,832.0,11.6,210.0,2.9,54.0,0.8,2.0,119.0,0.2,78.0,7.0,10.0,49.0,13.0,6.0,4.0,2.0,15.0,72.0,1042.0,14.5,832.0,11.6,832.0,11.6,210.0,2.9,54.0,0.8,2.0,119.0,0.2,78.0,7.0,10.0,49.0,13.0,6.0,4.0,2.0,4.0,48.0,14.2,82.7,2022.0
Brandon Aiyuk,546.0,2.1,81.0,62.0,54.0,77.0,17.0,78.0,1015.0,13.0,628.0,8.1,628.0,8.1,387.0,5.0,106.0,1.4,4.0,114.0,0.2,87.0,8.0,15.0,47.0,17.0,4.0,1.0,1.0,17.0,78.0,1015.0,13.0,628.0,8.1,628.0,8.1,387.0,5.0,106.0,1.4,4.0,114.0,0.2,87.0,8.0,15.0,47.0,17.0,4.0,1.0,1.0,8.0,47.0,9.9,115.9,2022.0
Tee Higgins,616.0,1.9,67.0,83.0,50.0,77.0,15.0,75.0,1042.0,13.9,750.0,10.0,750.0,10.0,292.0,3.9,101.0,1.3,2.0,110.0,0.2,82.0,8.0,10.0,43.0,14.0,6.0,3.0,1.0,15.0,75.0,1042.0,13.9,750.0,10.0,750.0,10.0,292.0,3.9,101.0,1.3,2.0,110.0,0.2,82.0,8.0,10.0,43.0,14.0,6.0,3.0,1.0,7.0,47.0,10.9,115.6,2022.0
Tyreek Hill,547.0,3.3,85.0,63.0,42.0,75.0,17.0,119.0,1710.0,14.4,1226.0,10.3,1226.0,10.3,484.0,4.1,58.0,0.5,5.0,170.0,0.3,127.0,8.0,9.0,69.0,25.0,9.0,7.0,4.0,17.0,119.0,1710.0,14.4,1226.0,10.3,1226.0,10.3,484.0,4.1,58.0,0.5,5.0,170.0,0.3,127.0,8.0,9.0,69.0,25.0,9.0,7.0,4.0,7.0,77.0,12.2,101.3,2022.0
CeeDee Lamb,598.0,2.6,85.0,55.0,49.0,74.0,17.0,107.0,1359.0,12.6,869.0,8.0,869.0,8.0,496.0,4.6,148.0,1.4,10.0,156.0,0.3,114.0,6.0,12.0,60.0,24.0,6.0,0.0,0.0,17.0,107.0,1359.0,12.6,869.0,8.0,869.0,8.0,496.0,4.6,148.0,1.4,10.0,156.0,0.3,114.0,6.0,12.0,60.0,24.0,6.0,0.0,0.0,9.0,67.0,10.1,104.1,2022.0
DeVonta Smith,618.0,2.3,63.0,76.0,56.0,74.0,17.0,95.0,1196.0,12.6,706.0,7.4,706.0,7.4,490.0,5.2,98.0,1.0,5.0,136.0,0.3,103.0,8.0,12.0,53.0,18.0,8.0,4.0,0.0,17.0,95.0,1196.0,12.6,706.0,7.4,706.0,7.4,490.0,5.2,98.0,1.0,5.0,136.0,0.3,103.0,8.0,12.0,53.0,18.0,8.0,4.0,0.0,7.0,57.0,9.6,111.0,2022.0
George Pickens,551.0,1.5,48.0,99.0,41.0,71.0,17.0,52.0,801.0,15.4,697.0,13.4,697.0,13.4,104.0,2.0,44.0,0.8,5.0,84.0,0.2,59.0,4.0,6.0,33.0,17.0,7.0,1.0,0.0,17.0,52.0,801.0,15.4,697.0,13.4,697.0,13.4,104.0,2.0,44.0,0.8,5.0,84.0,0.2,59.0,4.0,6.0,33.0,17.0,7.0,1.0,0.0,4.0,38.0,14.5,109.3,2022.0
Terry McLaurin,541.0,2.2,51.0,77.0,64.0,70.0,17.0,77.0,1191.0,15.5,797.0,10.4,797.0,10.4,394.0,5.1,143.0,1.9,7.0,120.0,0.2,80.0,3.0,11.0,48.0,16.0,10.0,6.0,2.0,17.0,77.0,1191.0,15.5,797.0,10.4,797.0,10.4,394.0,5.1,143.0,1.9,7.0,120.0,0.2,80.0,3.0,11.0,48.0,16.0,10.0,6.0,2.0,5.0,56.0,12.8,103.9,2022.0
Ja'Marr Chase,600.0,2.1,68.0,53.0,65.0,70.0,13.0,87.0,1046.0,12.0,609.0,7.0,609.0,7.0,437.0,5.0,141.0,1.6,10.0,134.0,0.2,99.0,10.0,24.0,45.0,13.0,5.0,3.0,1.0,13.0,87.0,1046.0,12.0,609.0,7.0,609.0,7.0,437.0,5.0,141.0,1.6,10.0,134.0,0.2,99.0,10.0,24.0,45.0,13.0,5.0,3.0,1.0,9.0,58.0,9.0,98.7,2022.0
Tyler Boyd,606.0,1.4,62.0,79.0,47.0,70.0,17.0,59.0,776.0,13.2,527.0,8.9,527.0,8.9,249.0,4.2,81.0,1.4,2.0,83.0,0.1,62.0,3.0,12.0,33.0,10.0,3.0,3.0,2.0,17.0,59.0,776.0,13.2,527.0,8.9,527.0,8.9,249.0,4.2,81.0,1.4,2.0,83.0,0.1,62.0,3.0,12.0,33.0,10.0,3.0,3.0,2.0,5.0,42.0,9.2,94.7,2022.0
Mike Williams,417.0,2.1,49.0,87.0,53.0,69.0,13.0,63.0,895.0,14.2,561.0,8.9,561.0,8.9,334.0,5.3,54.0,0.9,0.0,93.0,0.1,64.0,1.0,13.0,38.0,11.0,5.0,2.0,2.0,13.0,63.0,895.0,14.2,561.0,8.9,561.0,8.9,334.0,5.3,54.0,0.9,0.0,93.0,0.1,64.0,1.0,13.0,38.0,11.0,5.0,2.0,2.0,4.0,39.0,12.0,104.0,2022.0
Garrett Wilson,553.0,2.0,77.0,54.0,50.0,69.0,17.0,83.0,1103.0,13.0,733.0,8.6,733.0,8.6,370.0,4.4,191.0,2.2,10.0,147.0,0.3,91.0,5.0,19.0,48.0,13.0,8.0,3.0,3.0,17.0,83.0,1103.0,13.0,733.0,8.6,733.0,8.6,370.0,4.4,191.0,2.2,10.0,147.0,0.3,91.0,5.0,19.0,48.0,13.0,8.0,3.0,3.0,4.0,56.0,10.5,86.6,2022.0
Keenan Allen,351.0,2.3,64.0,76.0,41.0,68.0,10.0,66.0,752.0,11.4,489.0,7.4,489.0,7.4,263.0,4.0,45.0,0.7,1.0,89.0,0.1,67.0,2.0,15.0,33.0,7.0,5.0,2.0,0.0,10.0,66.0,752.0,11.4,489.0,7.4,489.0,7.4,263.0,4.0,45.0,0.7,1.0,89.0,0.1,67.0,2.0,15.0,33.0,7.0,5.0,2.0,0.0,4.0,39.0,8.6,104.7,2022.0
Christian Watson,235.0,2.6,73.0,46.0,59.0,67.0,14.0,41.0,611.0,14.9,335.0,8.2,335.0,8.2,276.0,6.7,46.0,1.1,3.0,65.0,0.1,45.0,4.0,13.0,24.0,8.0,4.0,3.0,2.0,14.0,41.0,611.0,14.9,335.0,8.2,335.0,8.2,276.0,6.7,46.0,1.1,3.0,65.0,0.1,45.0,4.0,13.0,24.0,8.0,4.0,3.0,2.0,7.0,28.0,13.8,121.5,2022.0
Amari Cooper,522.0,2.2,54.0,77.0,53.0,67.0,17.0,78.0,1160.0,14.9,835.0,10.7,835.0,10.7,325.0,4.2,93.0,1.2,4.0,132.0,0.3,87.0,11.0,16.0,50.0,18.0,7.0,4.0,2.0,17.0,78.0,1160.0,14.9,835.0,10.7,835.0,10.7,325.0,4.2,93.0,1.2,4.0,132.0,0.3,87.0,11.0,16.0,50.0,18.0,7.0,4.0,2.0,9.0,61.0,12.1,101.2,2022.0
Isaiah Hodgins,319.0,1.6,63.0,85.0,32.0,67.0,9.0,37.0,392.0,10.6,300.0,8.1,300.0,8.1,92.0,2.5,12.0,0.3,2.0,48.0,0.1,37.0,0.0,6.0,17.0,4.0,0.0,0.0,0.0,9.0,37.0,392.0,10.6,300.0,8.1,300.0,8.1,92.0,2.5,12.0,0.3,2.0,48.0,0.1,37.0,0.0,6.0,17.0,4.0,0.0,0.0,0.0,4.0,24.0,9.1,119.4,2022.0
Davante Adams,575.0,2.6,81.0,45.0,47.0,66.0,17.0,100.0,1516.0,15.2,1023.0,10.2,1023.0,10.2,493.0,4.9,96.0,1.0,9.0,180.0,0.3,109.0,8.0,22.0,61.0,24.0,14.0,7.0,2.0,17.0,100.0,1516.0,15.2,1023.0,10.2,1023.0,10.2,493.0,4.9,96.0,1.0,9.0,180.0,0.3,109.0,8.0,22.0,61.0,24.0,14.0,7.0,2.0,14.0,65.0,11.8,95.5,2022.0
Jerry Jeudy,399.0,2.4,80.0,45.0,49.0,66.0,15.0,67.0,972.0,14.5,577.0,8.6,577.0,8.6,395.0,5.9,104.0,1.6,3.0,100.0,0.2,72.0,5.0,10.0,37.0,14.0,9.0,5.0,3.0,15.0,67.0,972.0,14.5,577.0,8.6,577.0,8.6,395.0,5.9,104.0,1.6,3.0,100.0,0.2,72.0,5.0,10.0,37.0,14.0,9.0,5.0,3.0,6.0,41.0,11.5,110.1,2022.0
DeAndre Hopkins,328.0,2.2,63.0,75.0,37.0,65.0,9.0,64.0,717.0,11.2,552.0,8.6,552.0,8.6,165.0,2.6,55.0,0.9,1.0,96.0,0.2,69.0,5.0,6.0,31.0,8.0,2.0,0.0,0.0,9.0,64.0,717.0,11.2,552.0,8.6,552.0,8.6,165.0,2.6,55.0,0.9,1.0,96.0,0.2,69.0,5.0,6.0,31.0,8.0,2.0,0.0,0.0,3.0,35.0,10.2,86.2,2022.0
Drake London,381.0,2.3,69.0,60.0,40.0,63.0,17.0,72.0,866.0,12.0,616.0,8.6,616.0,8.6,250.0,3.5,43.0,0.6,1.0,117.0,0.3,83.0,4.0,16.0,41.0,10.0,4.0,1.0,0.0,17.0,72.0,866.0,12.0,616.0,8.6,616.0,8.6,250.0,3.5,43.0,0.6,1.0,117.0,0.3,83.0,4.0,16.0,41.0,10.0,4.0,1.0,0.0,4.0,48.0,10.4,84.9,2022.0
Donovan Peoples-Jones,529.0,1.6,41.0,99.0,37.0,63.0,17.0,61.0,839.0,13.8,648.0,10.6,648.0,10.6,191.0,3.1,31.0,0.5,1.0,96.0,0.2,64.0,2.0,13.0,35.0,14.0,6.0,1.0,0.0,17.0,61.0,839.0,13.8,648.0,10.6,648.0,10.6,191.0,3.1,31.0,0.5,1.0,96.0,0.2,64.0,2.0,13.0,35.0,14.0,6.0,1.0,0.0,3.0,33.0,11.7,97.5,2022.0
Amon-Ra St. Brown,426.0,2.7,67.0,57.0,46.0,62.0,16.0,106.0,1161.0,10.9,632.0,6.0,632.0,6.0,521.0,4.9,90.0,0.8,7.0,146.0,0.3,109.0,4.0,21.0,58.0,11.0,3.0,1.0,0.0,16.0,106.0,1161.0,10.9,632.0,6.0,632.0,6.0,521.0,4.9,90.0,0.8,7.0,146.0,0.3,109.0,4.0,21.0,58.0,11.0,3.0,1.0,0.0,6.0,68.0,6.3,106.6,2022.0
Jakobi Meyers,380.0,2.1,66.0,74.0,30.0,62.0,14.0,67.0,804.0,12.0,568.0,8.5,568.0,8.5,236.0,3.5,33.0,0.5,1.0,96.0,0.2,71.0,4.0,7.0,34.0,14.0,3.0,1.0,0.0,14.0,67.0,804.0,12.0,568.0,8.5,568.0,8.5,236.0,3.5,33.0,0.5,1.0,96.0,0.2,71.0,4.0,7.0,34.0,14.0,3.0,1.0,0.0,6.0,38.0,9.9,116.0,2022.0
Cooper Kupp,284.0,2.9,55.0,63.0,53.0,61.0,9.0,75.0,812.0,10.8,388.0,5.2,388.0,5.2,424.0,5.7,106.0,1.4,3.0,98.0,0.2,79.0,2.0,11.0,29.0,11.0,3.0,2.0,2.0,9.0,75.0,812.0,10.8,388.0,5.2,388.0,5.2,424.0,5.7,106.0,1.4,3.0,98.0,0.2,79.0,2.0,11.0,29.0,11.0,3.0,2.0,2.0,6.0,42.0,7.2,103.8,2022.0
Jaylen Waddle,544.0,2.6,61.0,55.0,54.0,61.0,17.0,75.0,1356.0,18.1,842.0,11.2,842.0,11.2,514.0,6.9,149.0,2.0,4.0,117.0,0.2,82.0,7.0,8.0,54.0,21.0,11.0,6.0,3.0,17.0,75.0,1356.0,18.1,842.0,11.2,842.0,11.2,514.0,6.9,149.0,2.0,4.0,117.0,0.2,82.0,7.0,8.0,54.0,21.0,11.0,6.0,3.0,8.0,60.0,11.8,119.5,2022.0
Jauan Jennings,310.0,1.6,64.0,48.0,54.0,60.0,16.0,35.0,416.0,11.9,240.0,6.9,240.0,6.9,176.0,5.0,49.0,1.4,3.0,56.0,0.1,42.0,7.0,3.0,22.0,3.0,2.0,1.0,0.0,16.0,35.0,416.0,11.9,240.0,6.9,240.0,6.9,176.0,5.0,49.0,1.4,3.0,56.0,0.1,42.0,7.0,3.0,22.0,3.0,2.0,1.0,0.0,1.0,23.0,8.4,68.7,2022.0
Mack Hollins,563.0,1.2,54.0,68.0,47.0,60.0,17.0,57.0,690.0,12.1,485.0,8.5,485.0,8.5,205.0,3.6,35.0,0.6,2.0,94.0,0.2,61.0,5.0,11.0,25.0,9.0,3.0,2.0,1.0,17.0,57.0,690.0,12.1,485.0,8.5,485.0,8.5,205.0,3.6,35.0,0.6,2.0,94.0,0.2,61.0,5.0,11.0,25.0,9.0,3.0,2.0,1.0,4.0,34.0,12.7,84.1,2022.0
Chase Claypool,387.0,1.2,64.0,50.0,49.0,59.0,15.0,46.0,451.0,9.8,301.0,6.5,301.0,6.5,150.0,3.3,52.0,1.1,2.0,79.0,0.1,50.0,4.0,6.0,20.0,7.0,1.0,0.0,0.0,15.0,46.0,451.0,9.8,301.0,6.5,301.0,6.5,150.0,3.3,52.0,1.1,2.0,79.0,0.1,50.0,4.0,6.0,20.0,7.0,1.0,0.0,0.0,1.0,24.0,10.3,57.5,2022.0
K.J. Osborn,551.0,1.2,55.0,56.0,52.0,57.0,17.0,60.0,650.0,10.8,349.0,5.8,349.0,5.8,301.0,5.0,69.0,1.2,3.0,90.0,0.1,62.0,2.0,9.0,21.0,6.0,3.0,2.0,2.0,17.0,60.0,650.0,10.8,349.0,5.8,349.0,5.8,301.0,5.0,69.0,1.2,3.0,90.0,0.1,62.0,2.0,9.0,21.0,6.0,3.0,2.0,2.0,5.0,32.0,8.3,97.0,2022.0
JuJu Smith-Schuster,534.0,1.9,49.0,60.0,52.0,56.0,16.0,78.0,933.0,12.0,430.0,5.5,430.0,5.5,503.0,6.4,130.0,1.7,3.0,101.0,0.2,84.0,6.0,16.0,38.0,9.0,4.0,4.0,1.0,16.0,78.0,933.0,12.0,430.0,5.5,430.0,5.5,503.0,6.4,130.0,1.7,3.0,101.0,0.2,84.0,6.0,16.0,38.0,9.0,4.0,4.0,1.0,3.0,47.0,7.3,102.5,2022.0
Mike Evans,619.0,1.9,56.0,62.0,38.0,55.0,15.0,77.0,1124.0,14.6,908.0,11.8,908.0,11.8,216.0,2.8,61.0,0.8,2.0,127.0,0.2,82.0,4.0,14.0,43.0,19.0,7.0,5.0,3.0,15.0,77.0,1124.0,14.6,908.0,11.8,908.0,11.8,216.0,2.8,61.0,0.8,2.0,127.0,0.2,82.0,4.0,14.0,43.0,19.0,7.0,5.0,3.0,6.0,53.0,12.6,85.5,2022.0
Treylon Burks,230.0,1.9,65.0,40.0,51.0,55.0,11.0,33.0,444.0,13.5,284.0,8.6,284.0,8.6,160.0,4.8,52.0,1.6,2.0,54.0,0.1,36.0,3.0,4.0,14.0,8.0,4.0,3.0,2.0,11.0,33.0,444.0,13.5,284.0,8.6,284.0,8.6,160.0,4.8,52.0,1.6,2.0,54.0,0.1,36.0,3.0,4.0,14.0,8.0,4.0,3.0,2.0,1.0,19.0,11.6,70.3,2022.0
Nico Collins,258.0,1.9,51.0,63.0,45.0,55.0,10.0,37.0,481.0,13.0,321.0,8.7,321.0,8.7,160.0,4.3,27.0,0.7,3.0,66.0,0.1,38.0,1.0,8.0,19.0,8.0,1.0,1.0,1.0,10.0,37.0,481.0,13.0,321.0,8.7,321.0,8.7,160.0,4.3,27.0,0.7,3.0,66.0,0.1,38.0,1.0,8.0,19.0,8.0,1.0,1.0,1.0,2.0,21.0,11.3,83.0,2022.0
Marquise Brown,441.0,1.6,65.0,53.0,36.0,55.0,12.0,67.0,709.0,10.6,473.0,7.1,473.0,7.1,236.0,3.5,38.0,0.6,1.0,107.0,0.2,72.0,4.0,10.0,32.0,9.0,1.0,1.0,0.0,12.0,67.0,709.0,10.6,473.0,7.1,473.0,7.1,236.0,3.5,38.0,0.6,1.0,107.0,0.2,72.0,4.0,10.0,32.0,9.0,1.0,1.0,0.0,3.0,33.0,11.3,64.0,2022.0
Elijah Moore,470.0,0.9,56.0,57.0,45.0,55.0,16.0,37.0,446.0,12.1,331.0,8.9,331.0,8.9,115.0,3.1,31.0,0.8,2.0,65.0,0.1,39.0,2.0,7.0,19.0,8.0,1.0,1.0,0.0,16.0,37.0,446.0,12.1,331.0,8.9,331.0,8.9,115.0,3.1,31.0,0.8,2.0,65.0,0.1,39.0,2.0,7.0,19.0,8.0,1.0,1.0,0.0,1.0,22.0,11.7,76.8,2022.0
Darnell Mooney,276.0,1.8,67.0,54.0,30.0,54.0,11.0,40.0,493.0,12.3,319.0,8.0,319.0,8.0,174.0,4.4,13.0,0.3,1.0,61.0,0.2,41.0,3.0,6.0,19.0,7.0,3.0,1.0,1.0,11.0,40.0,493.0,12.3,319.0,8.0,319.0,8.0,174.0,4.4,13.0,0.3,1.0,61.0,0.2,41.0,3.0,6.0,19.0,7.0,3.0,1.0,1.0,2.0,20.0,12.0,87.7,2022.0
Olamide Zaccheaus,329.0,1.6,55.0,58.0,42.0,54.0,17.0,40.0,533.0,13.3,348.0,8.7,348.0,8.7,185.0,4.6,42.0,1.1,3.0,61.0,0.2,43.0,0.0,6.0,24.0,9.0,3.0,2.0,0.0,17.0,40.0,533.0,13.3,348.0,8.7,348.0,8.7,185.0,4.6,42.0,1.1,3.0,61.0,0.2,43.0,0.0,6.0,24.0,9.0,3.0,2.0,0.0,3.0,25.0,11.5,109.5,2022.0
Darius Slayton,455.0,1.8,67.0,30.0,56.0,53.0,13.0,46.0,724.0,15.7,462.0,10.0,462.0,10.0,262.0,5.7,93.0,2.0,2.0,71.0,0.1,53.0,7.0,3.0,28.0,12.0,7.0,3.0,2.0,13.0,46.0,724.0,15.7,462.0,10.0,462.0,10.0,262.0,5.7,93.0,2.0,2.0,71.0,0.1,53.0,7.0,3.0,28.0,12.0,7.0,3.0,2.0,2.0,30.0,12.5,96.2,2022.0
Jahan Dotson,351.0,1.5,46.0,59.0,50.0,53.0,12.0,35.0,523.0,14.9,386.0,11.0,386.0,11.0,137.0,3.9,42.0,1.2,1.0,61.0,0.1,41.0,6.0,7.0,19.0,10.0,4.0,2.0,1.0,12.0,35.0,523.0,14.9,386.0,11.0,386.0,11.0,137.0,3.9,42.0,1.2,1.0,61.0,0.1,41.0,6.0,7.0,19.0,10.0,4.0,2.0,1.0,7.0,26.0,13.5,96.6,2022.0
Adam Thielen,640.0,1.2,54.0,69.0,29.0,52.0,17.0,70.0,716.0,10.2,564.0,8.1,564.0,8.1,152.0,2.2,27.0,0.4,1.0,107.0,0.2,74.0,2.0,21.0,34.0,7.0,1.0,0.0,0.0,17.0,70.0,716.0,10.2,564.0,8.1,564.0,8.1,152.0,2.2,27.0,0.4,1.0,107.0,0.2,74.0,2.0,21.0,34.0,7.0,1.0,0.0,0.0,6.0,45.0,9.7,91.5,2022.0
Greg Dortch,305.0,1.5,47.0,58.0,47.0,51.0,16.0,52.0,467.0,9.0,169.0,3.3,169.0,3.3,298.0,5.7,120.0,2.3,3.0,64.0,0.1,53.0,0.0,5.0,19.0,5.0,2.0,1.0,0.0,16.0,52.0,467.0,9.0,169.0,3.3,169.0,3.3,298.0,5.7,120.0,2.3,3.0,64.0,0.1,53.0,0.0,5.0,19.0,5.0,2.0,1.0,0.0,2.0,19.0,4.9,107.5,2022.0
Robert Woods,425.0,1.2,71.0,34.0,41.0,51.0,17.0,53.0,527.0,9.9,371.0,7.0,371.0,7.0,156.0,2.9,24.0,0.5,0.0,91.0,0.2,57.0,4.0,13.0,21.0,3.0,2.0,1.0,0.0,17.0,53.0,527.0,9.9,371.0,7.0,371.0,7.0,156.0,2.9,24.0,0.5,0.0,91.0,0.2,57.0,4.0,13.0,21.0,3.0,2.0,1.0,0.0,2.0,31.0,7.8,68.3,2022.0
Courtland Sutton,485.0,1.7,78.0,25.0,37.0,50.0,15.0,64.0,829.0,13.0,678.0,10.6,678.0,10.6,151.0,2.4,37.0,0.6,1.0,109.0,0.2,73.0,9.0,12.0,33.0,11.0,5.0,1.0,1.0,15.0,64.0,829.0,13.0,678.0,10.6,678.0,10.6,151.0,2.4,37.0,0.6,1.0,109.0,0.2,73.0,9.0,12.0,33.0,11.0,5.0,1.0,1.0,2.0,38.0,12.3,73.5,2022.0
Noah Brown,437.0,1.4,42.0,59.0,50.0,50.0,16.0,43.0,555.0,12.9,427.0,9.9,427.0,9.9,128.0,3.0,43.0,1.0,4.0,74.0,0.1,50.0,6.0,11.0,22.0,6.0,3.0,2.0,1.0,16.0,43.0,555.0,12.9,427.0,9.9,427.0,9.9,128.0,3.0,43.0,1.0,4.0,74.0,0.1,50.0,6.0,11.0,22.0,6.0,3.0,2.0,1.0,3.0,25.0,10.8,72.7,2022.0
Chris Moore,392.0,1.4,41.0,54.0,57.0,49.0,15.0,48.0,548.0,11.4,285.0,5.9,285.0,5.9,263.0,5.5,49.0,1.0,2.0,74.0,0.1,51.0,2.0,11.0,21.0,9.0,5.0,1.0,1.0,15.0,48.0,548.0,11.4,285.0,5.9,285.0,5.9,263.0,5.5,49.0,1.0,2.0,74.0,0.1,51.0,2.0,11.0,21.0,9.0,5.0,1.0,1.0,2.0,24.0,8.8,79.1,2022.0
Ben Skowronek,366.0,1.0,60.0,53.0,31.0,49.0,14.0,39.0,376.0,9.6,239.0,6.1,239.0,6.1,137.0,3.5,26.0,0.7,0.0,61.0,0.1,41.0,2.0,3.0,12.0,5.0,2.0,0.0,0.0,14.0,39.0,376.0,9.6,239.0,6.1,239.0,6.1,137.0,3.5,26.0,0.7,0.0,61.0,0.1,41.0,2.0,3.0,12.0,5.0,2.0,0.0,0.0,0.0,16.0,7.9,67.4,2022.0
Zay Jones,588.0,1.7,62.0,48.0,32.0,48.0,16.0,82.0,823.0,10.0,541.0,6.6,541.0,6.6,282.0,3.4,58.0,0.7,2.0,121.0,0.2,94.0,12.0,18.0,32.0,7.0,1.0,1.0,1.0,16.0,82.0,823.0,10.0,541.0,6.6,541.0,6.6,282.0,3.4,58.0,0.7,2.0,121.0,0.2,94.0,12.0,18.0,32.0,7.0,1.0,1.0,1.0,5.0,44.0,8.6,93.8,2022.0
Demarcus Robinson,347.0,1.5,61.0,39.0,41.0,48.0,16.0,48.0,458.0,9.5,312.0,6.5,312.0,6.5,146.0,3.0,59.0,1.2,1.0,75.0,0.2,51.0,3.0,10.0,21.0,4.0,1.0,0.0,0.0,16.0,48.0,458.0,9.5,312.0,6.5,312.0,6.5,146.0,3.0,59.0,1.2,1.0,75.0,0.2,51.0,3.0,10.0,21.0,4.0,1.0,0.0,0.0,2.0,23.0,9.0,67.5,2022.0
Josh Reynolds,343.0,1.4,50.0,58.0,36.0,48.0,12.0,38.0,479.0,12.6,364.0,9.6,364.0,9.6,115.0,3.0,21.0,0.6,0.0,59.0,0.1,42.0,4.0,13.0,18.0,8.0,1.0,0.0,0.0,12.0,38.0,479.0,12.6,364.0,9.6,364.0,9.6,115.0,3.0,21.0,0.6,0.0,59.0,0.1,42.0,4.0,13.0,18.0,8.0,1.0,0.0,0.0,3.0,25.0,11.9,99.5,2022.0
DeAndre Carter,455.0,1.2,38.0,66.0,45.0,48.0,17.0,46.0,538.0,11.7,332.0,7.2,332.0,7.2,206.0,4.5,41.0,0.9,0.0,65.0,0.1,48.0,2.0,9.0,21.0,10.0,5.0,0.0,0.0,17.0,46.0,538.0,11.7,332.0,7.2,332.0,7.2,206.0,4.5,41.0,0.9,0.0,65.0,0.1,48.0,2.0,9.0,21.0,10.0,5.0,0.0,0.0,3.0,29.0,8.9,104.5,2022.0
Kalif Raymond,293.0,2.1,59.0,56.0,24.0,47.0,17.0,47.0,616.0,13.1,398.0,8.5,398.0,8.5,218.0,4.6,31.0,0.7,2.0,64.0,0.1,47.0,0.0,9.0,25.0,10.0,3.0,3.0,1.0,17.0,47.0,616.0,13.1,398.0,8.5,398.0,8.5,218.0,4.6,31.0,0.7,2.0,64.0,0.1,47.0,0.0,9.0,25.0,10.0,3.0,3.0,1.0,0.0,24.0,10.0,103.4,2022.0
Russell Gage,366.0,1.2,60.0,46.0,32.0,47.0,13.0,51.0,426.0,8.4,255.0,5.0,255.0,5.0,171.0,3.4,63.0,1.2,2.0,70.0,0.1,54.0,3.0,18.0,18.0,3.0,0.0,0.0,0.0,13.0,51.0,426.0,8.4,255.0,5.0,255.0,5.0,171.0,3.4,63.0,1.2,2.0,70.0,0.1,54.0,3.0,18.0,18.0,3.0,0.0,0.0,0.0,5.0,31.0,5.5,112.0,2022.0
Curtis Samuel,465.0,1.4,41.0,56.0,47.0,46.0,17.0,64.0,656.0,10.3,365.0,5.7,365.0,5.7,291.0,4.5,69.0,1.1,8.0,92.0,0.2,68.0,5.0,9.0,29.0,10.0,2.0,1.0,0.0,17.0,64.0,656.0,10.3,365.0,5.7,365.0,5.7,291.0,4.5,69.0,1.1,8.0,92.0,0.2,68.0,5.0,9.0,29.0,10.0,2.0,1.0,0.0,4.0,36.0,6.7,95.2,2022.0
Deebo Samuel,390.0,2.2,42.0,20.0,82.0,45.0,13.0,56.0,632.0,11.3,139.0,2.5,139.0,2.5,493.0,8.8,184.0,3.3,12.0,94.0,0.2,65.0,9.0,13.0,24.0,7.0,2.0,1.0,1.0,13.0,56.0,632.0,11.3,139.0,2.5,139.0,2.5,493.0,8.8,184.0,3.3,12.0,94.0,0.2,65.0,9.0,13.0,24.0,7.0,2.0,1.0,1.0,2.0,25.0,4.3,73.5,2022.0
Chris Godwin,574.0,1.9,42.0,48.0,51.0,45.0,15.0,104.0,1023.0,9.8,496.0,4.8,496.0,4.8,527.0,5.1,128.0,1.2,4.0,142.0,0.2,109.0,3.0,15.0,40.0,10.0,2.0,1.0,0.0,15.0,104.0,1023.0,9.8,496.0,4.8,496.0,4.8,527.0,5.1,128.0,1.2,4.0,142.0,0.2,109.0,3.0,15.0,40.0,10.0,2.0,1.0,0.0,3.0,53.0,5.7,97.2,2022.0
Allen Lazard,423.0,1.9,64.0,36.0,34.0,45.0,15.0,60.0,788.0,13.1,540.0,9.0,540.0,9.0,248.0,4.1,61.0,1.0,1.0,100.0,0.2,68.0,6.0,17.0,30.0,13.0,5.0,2.0,0.0,15.0,60.0,788.0,13.1,540.0,9.0,540.0,9.0,248.0,4.1,61.0,1.0,1.0,100.0,0.2,68.0,6.0,17.0,30.0,13.0,5.0,2.0,0.0,6.0,45.0,12.5,84.1,2022.0
Christian Kirk,619.0,2.0,63.0,35.0,34.0,43.0,17.0,84.0,1108.0,13.2,737.0,8.8,737.0,8.8,371.0,4.4,65.0,0.8,5.0,133.0,0.2,91.0,7.0,22.0,45.0,18.0,7.0,2.0,0.0,17.0,84.0,1108.0,13.2,737.0,8.8,737.0,8.8,371.0,4.4,65.0,0.8,5.0,133.0,0.2,91.0,7.0,22.0,45.0,18.0,7.0,2.0,0.0,8.0,55.0,9.1,96.9,2022.0
Isaiah McKenzie,373.0,1.2,62.0,36.0,33.0,43.0,16.0,42.0,423.0,10.1,295.0,7.0,295.0,7.0,128.0,3.0,17.0,0.4,0.0,66.0,0.1,48.0,6.0,9.0,13.0,4.0,1.0,0.0,0.0,16.0,42.0,423.0,10.1,295.0,7.0,295.0,7.0,128.0,3.0,17.0,0.4,0.0,66.0,0.1,48.0,6.0,9.0,13.0,4.0,1.0,0.0,0.0,4.0,27.0,8.3,90.7,2022.0
Trent Sherfield,409.0,1.0,50.0,40.0,46.0,43.0,16.0,30.0,417.0,13.9,273.0,9.1,273.0,9.1,144.0,4.8,26.0,0.9,1.0,51.0,0.1,33.0,4.0,8.0,17.0,5.0,2.0,1.0,1.0,16.0,30.0,417.0,13.9,273.0,9.1,273.0,9.1,144.0,4.8,26.0,0.9,1.0,51.0,0.1,33.0,4.0,8.0,17.0,5.0,2.0,1.0,1.0,2.0,18.0,10.9,81.9,2022.0
Brandin Cooks,387.0,1.8,49.0,50.0,33.0,42.0,13.0,57.0,699.0,12.3,494.0,8.7,494.0,8.7,205.0,3.6,9.0,0.2,1.0,93.0,0.2,62.0,5.0,10.0,24.0,13.0,6.0,3.0,0.0,13.0,57.0,699.0,12.3,494.0,8.7,494.0,8.7,205.0,3.6,9.0,0.2,1.0,93.0,0.2,62.0,5.0,10.0,24.0,13.0,6.0,3.0,0.0,3.0,29.0,10.7,77.3,2022.0
Alec Pierce,438.0,1.4,38.0,51.0,44.0,40.0,16.0,41.0,593.0,14.5,484.0,11.8,484.0,11.8,109.0,2.7,18.0,0.4,0.0,78.0,0.1,44.0,4.0,6.0,26.0,8.0,5.0,3.0,0.0,16.0,41.0,593.0,14.5,484.0,11.8,484.0,11.8,109.0,2.7,18.0,0.4,0.0,78.0,0.1,44.0,4.0,6.0,26.0,8.0,5.0,3.0,0.0,2.0,28.0,11.7,75.4,2022.0
Parris Campbell,560.0,1.1,36.0,42.0,50.0,37.0,17.0,63.0,623.0,9.9,346.0,5.5,346.0,5.5,277.0,4.4,56.0,0.9,5.0,91.0,0.2,67.0,5.0,9.0,25.0,7.0,5.0,1.0,0.0,17.0,63.0,623.0,9.9,346.0,5.5,346.0,5.5,277.0,4.4,56.0,0.9,5.0,91.0,0.2,67.0,5.0,9.0,25.0,7.0,5.0,1.0,0.0,3.0,32.0,6.4,71.8,2022.0
Romeo Doubs,262.0,1.6,57.0,22.0,38.0,35.0,13.0,42.0,425.0,10.1,229.0,5.5,229.0,5.5,196.0,4.7,36.0,0.9,0.0,67.0,0.1,53.0,9.0,8.0,18.0,7.0,0.0,0.0,0.0,13.0,42.0,425.0,10.1,229.0,5.5,229.0,5.5,196.0,4.7,36.0,0.9,0.0,67.0,0.1,53.0,9.0,8.0,18.0,7.0,0.0,0.0,0.0,3.0,20.0,9.4,95.7,2022.0
Corey Davis,364.0,1.5,26.0,57.0,42.0,35.0,13.0,32.0,536.0,16.8,427.0,13.3,427.0,13.3,109.0,3.4,23.0,0.7,1.0,64.0,0.1,36.0,2.0,8.0,23.0,7.0,3.0,2.0,1.0,13.0,32.0,536.0,16.8,427.0,13.3,427.0,13.3,109.0,3.4,23.0,0.7,1.0,64.0,0.1,36.0,2.0,8.0,23.0,7.0,3.0,2.0,1.0,2.0,28.0,13.4,76.0,2022.0
Julio Jones,251.0,1.5,27.0,51.0,47.0,34.0,10.0,24.0,299.0,12.5,175.0,7.3,175.0,7.3,124.0,5.2,29.0,1.2,2.0,43.0,0.1,26.0,1.0,6.0,10.0,3.0,2.0,1.0,0.0,10.0,24.0,299.0,12.5,175.0,7.3,175.0,7.3,124.0,5.2,29.0,1.2,2.0,43.0,0.1,26.0,1.0,6.0,10.0,3.0,2.0,1.0,0.0,2.0,13.0,13.8,93.1,2022.0
Michael Gallup,459.0,1.0,35.0,48.0,34.0,32.0,14.0,39.0,424.0,10.9,317.0,8.1,317.0,8.1,107.0,2.7,29.0,0.7,0.0,74.0,0.1,46.0,7.0,12.0,20.0,4.0,0.0,0.0,0.0,14.0,39.0,424.0,10.9,317.0,8.1,317.0,8.1,107.0,2.7,29.0,0.7,0.0,74.0,0.1,46.0,7.0,12.0,20.0,4.0,0.0,0.0,0.0,4.0,25.0,11.1,65.4,2022.0
Nick Westbrook-Ikhine,382.0,1.0,33.0,40.0,39.0,30.0,16.0,25.0,397.0,15.9,285.0,11.4,285.0,11.4,112.0,4.5,37.0,1.5,1.0,50.0,0.1,27.0,2.0,7.0,16.0,5.0,2.0,2.0,2.0,16.0,25.0,397.0,15.9,285.0,11.4,285.0,11.4,112.0,4.5,37.0,1.5,1.0,50.0,0.1,27.0,2.0,7.0,16.0,5.0,2.0,2.0,2.0,3.0,18.0,12.8,80.2,2022.0
Marquez Valdes-Scantling,577.0,1.4,26.0,46.0,29.0,23.0,17.0,42.0,687.0,16.4,538.0,12.8,538.0,12.8,149.0,3.5,30.0,0.7,0.0,81.0,0.1,48.0,5.0,11.0,26.0,13.0,5.0,3.0,1.0,17.0,42.0,687.0,16.4,538.0,12.8,538.0,12.8,149.0,3.5,30.0,0.7,0.0,81.0,0.1,48.0,5.0,11.0,26.0,13.0,5.0,3.0,1.0,2.0,32.0,13.9,83.7,2022.0
Cooper Kupp,670.0,3.6,76.0,75.0,64.0,85.0,17.0,81.0,1055.0,13.0,674.0,8.3,674.0,8.3,381.0,4.7,123.0,1.5,5.0,140.0,0.3,91.0,9.0,10.0,42.0,14.0,6.0,3.0,3.0,17.0,81.0,1055.0,13.0,674.0,8.3,674.0,8.3,381.0,4.7,123.0,1.5,5.0,140.0,0.3,91.0,9.0,10.0,42.0,14.0,6.0,3.0,3.0,16.0,89.0,8.6,124.8,2021.0
Kendrick Bourne,383.0,2.3,59.0,83.0,74.0,83.0,14.0,54.0,435.0,8.0,-4.0,-0.1,-4.0,-0.1,442.0,8.0,75.0,1.4,2.0,64.0,0.1,56.0,1.0,8.0,12.0,3.0,2.0,1.0,1.0,14.0,54.0,435.0,8.0,-4.0,-0.1,-4.0,-0.1,442.0,8.0,75.0,1.4,2.0,64.0,0.1,56.0,1.0,8.0,12.0,3.0,2.0,1.0,1.0,5.0,27.0,8.5,132.1,2021.0
Davante Adams,501.0,3.3,85.0,72.0,49.0,83.0,16.0,77.0,1405.0,18.9,621.0,8.0,621.0,8.0,855.0,11.0,295.0,3.8,13.0,121.0,0.2,89.0,10.0,9.0,52.0,24.0,13.0,10.0,6.0,16.0,77.0,1405.0,18.9,621.0,8.0,621.0,8.0,855.0,11.0,295.0,3.8,13.0,121.0,0.2,89.0,10.0,9.0,52.0,24.0,13.0,10.0,6.0,11.0,84.0,9.6,115.3,2021.0
Justin Jefferson,533.0,3.0,94.0,53.0,51.0,80.0,17.0,145.0,1947.0,13.4,1101.0,7.6,1101.0,7.6,846.0,5.8,257.0,1.8,10.0,191.0,0.3,156.0,8.0,37.0,66.0,30.0,15.0,9.0,3.0,17.0,145.0,1947.0,13.4,1101.0,7.6,1101.0,7.6,846.0,5.8,257.0,1.8,10.0,191.0,0.3,156.0,8.0,37.0,66.0,30.0,15.0,9.0,3.0,10.0,75.0,12.4,111.3,2021.0
Ja'Marr Chase,672.0,2.7,61.0,64.0,84.0,79.0,16.0,107.0,1161.0,10.9,634.0,5.9,634.0,5.9,527.0,4.9,98.0,0.9,8.0,169.0,0.3,112.0,5.0,21.0,46.0,14.0,7.0,4.0,2.0,16.0,107.0,1161.0,10.9,634.0,5.9,634.0,5.9,527.0,4.9,98.0,0.9,8.0,169.0,0.3,112.0,5.0,21.0,46.0,14.0,7.0,4.0,2.0,13.0,56.0,12.6,116.5,2021.0
A.J. Brown,321.0,3.1,99.0,36.0,53.0,78.0,17.0,108.0,1616.0,14.9,1141.0,10.5,1141.0,10.5,482.0,4.4,149.0,1.4,5.0,167.0,0.3,120.0,7.0,20.0,67.0,27.0,11.0,5.0,2.0,17.0,108.0,1616.0,14.9,1141.0,10.5,1141.0,10.5,482.0,4.4,149.0,1.4,5.0,167.0,0.3,120.0,7.0,20.0,67.0,27.0,11.0,5.0,2.0,5.0,45.0,11.6,94.5,2021.0
Tyler Lockett,439.0,2.7,67.0,84.0,48.0,77.0,17.0,103.0,1038.0,10.1,586.0,5.7,586.0,5.7,452.0,4.4,115.0,1.1,2.0,128.0,0.2,105.0,2.0,23.0,41.0,10.0,2.0,1.0,1.0,17.0,103.0,1038.0,10.1,586.0,5.7,586.0,5.7,452.0,4.4,115.0,1.1,2.0,128.0,0.2,105.0,2.0,23.0,41.0,10.0,2.0,1.0,1.0,8.0,41.0,14.6,117.9,2021.0
Stefon Diggs,602.0,2.1,93.0,52.0,46.0,77.0,16.0,123.0,1553.0,12.6,961.0,7.8,961.0,7.8,592.0,4.8,146.0,1.2,5.0,169.0,0.3,127.0,4.0,27.0,66.0,19.0,12.0,4.0,2.0,16.0,123.0,1553.0,12.6,961.0,7.8,961.0,7.8,592.0,4.8,146.0,1.2,5.0,169.0,0.3,127.0,4.0,27.0,66.0,19.0,12.0,4.0,2.0,10.0,66.0,11.1,90.6,2021.0
Russell Gage,355.0,2.2,82.0,55.0,48.0,72.0,12.0,52.0,570.0,11.0,297.0,5.7,297.0,5.7,273.0,5.3,79.0,1.5,3.0,87.0,0.2,54.0,2.0,10.0,23.0,7.0,3.0,0.0,0.0,12.0,52.0,570.0,11.0,297.0,5.7,297.0,5.7,273.0,5.3,79.0,1.5,3.0,87.0,0.2,54.0,2.0,10.0,23.0,7.0,3.0,0.0,0.0,4.0,37.0,9.3,86.7,2021.0
Adam Thielen,374.0,1.9,63.0,79.0,47.0,71.0,15.0,59.0,860.0,14.6,577.0,9.8,577.0,9.8,283.0,4.8,126.0,2.1,4.0,105.0,0.2,66.0,5.0,13.0,33.0,13.0,7.0,4.0,2.0,15.0,59.0,860.0,14.6,577.0,9.8,577.0,9.8,283.0,4.8,126.0,2.1,4.0,105.0,0.2,66.0,5.0,13.0,33.0,13.0,7.0,4.0,2.0,10.0,37.0,9.5,119.0,2021.0
Hunter Renfrow,506.0,2.2,72.0,68.0,43.0,70.0,13.0,26.0,339.0,13.0,274.0,10.5,274.0,10.5,65.0,2.5,17.0,0.7,1.0,58.0,0.1,34.0,6.0,2.0,13.0,4.0,2.0,1.0,0.0,13.0,26.0,339.0,13.0,274.0,10.5,274.0,10.5,65.0,2.5,17.0,0.7,1.0,58.0,0.1,34.0,6.0,2.0,13.0,4.0,2.0,1.0,0.0,9.0,51.0,6.5,120.6,2021.0
Diontae Johnson,585.0,2.0,87.0,44.0,47.0,69.0,11.0,43.0,538.0,12.5,332.0,7.7,332.0,7.7,206.0,4.8,52.0,1.2,2.0,77.0,0.1,44.0,1.0,7.0,23.0,9.0,1.0,1.0,1.0,11.0,43.0,538.0,12.5,332.0,7.7,332.0,7.7,206.0,4.8,52.0,1.2,2.0,77.0,0.1,44.0,1.0,7.0,23.0,9.0,1.0,1.0,1.0,8.0,59.0,8.5,91.9,2021.0
Amari Cooper,507.0,1.8,58.0,83.0,46.0,69.0,17.0,103.0,1225.0,11.9,899.0,8.7,899.0,8.7,326.0,3.2,152.0,1.5,7.0,164.0,0.3,111.0,5.0,34.0,50.0,12.0,6.0,4.0,2.0,17.0,103.0,1225.0,11.9,899.0,8.7,899.0,8.7,326.0,3.2,152.0,1.5,7.0,164.0,0.3,111.0,5.0,34.0,50.0,12.0,6.0,4.0,2.0,8.0,45.0,11.0,116.9,2021.0
Mike Evans,618.0,2.1,72.0,60.0,49.0,68.0,17.0,88.0,1082.0,12.3,734.0,8.3,734.0,8.3,348.0,4.0,100.0,1.1,2.0,129.0,0.3,95.0,6.0,16.0,45.0,12.0,4.0,3.0,1.0,17.0,88.0,1082.0,12.3,734.0,8.3,734.0,8.3,348.0,4.0,100.0,1.1,2.0,129.0,0.3,95.0,6.0,16.0,45.0,12.0,4.0,3.0,1.0,14.0,56.0,13.0,122.6,2021.0
Amon-Ra St. Brown,447.0,2.0,58.0,74.0,53.0,68.0,16.0,76.0,1146.0,15.1,731.0,9.6,731.0,9.6,415.0,5.5,136.0,1.8,2.0,129.0,0.2,86.0,6.0,19.0,41.0,17.0,9.0,9.0,2.0,16.0,76.0,1146.0,15.1,731.0,9.6,731.0,9.6,415.0,5.5,136.0,1.8,2.0,129.0,0.2,86.0,6.0,19.0,41.0,17.0,9.0,9.0,2.0,5.0,48.0,7.1,104.0,2021.0
Tee Higgins,583.0,2.4,62.0,60.0,61.0,67.0,14.0,74.0,1091.0,14.7,801.0,10.8,801.0,10.8,290.0,3.9,92.0,1.2,4.0,110.0,0.2,85.0,5.0,11.0,49.0,17.0,4.0,2.0,2.0,14.0,74.0,1091.0,14.7,801.0,10.8,801.0,10.8,290.0,3.9,92.0,1.2,4.0,110.0,0.2,85.0,5.0,11.0,49.0,17.0,4.0,2.0,2.0,6.0,53.0,12.1,110.1,2021.0
Jakobi Meyers,503.0,1.8,77.0,58.0,38.0,66.0,16.0,67.0,828.0,12.4,439.0,6.6,439.0,6.6,389.0,5.8,60.0,0.9,2.0,94.0,0.2,69.0,0.0,7.0,33.0,10.0,4.0,2.0,2.0,16.0,67.0,828.0,12.4,439.0,6.6,439.0,6.6,389.0,5.8,60.0,0.9,2.0,94.0,0.2,69.0,0.0,7.0,33.0,10.0,4.0,2.0,2.0,2.0,42.0,9.8,81.0,2021.0
Brandon Aiyuk,483.0,2.0,51.0,68.0,63.0,66.0,16.0,106.0,1138.0,10.7,801.0,7.6,801.0,7.6,337.0,3.2,83.0,0.8,1.0,157.0,0.2,116.0,8.0,23.0,47.0,12.0,5.0,2.0,0.0,16.0,106.0,1138.0,10.7,801.0,7.6,801.0,7.6,337.0,3.2,83.0,0.8,1.0,157.0,0.2,116.0,8.0,23.0,47.0,12.0,5.0,2.0,0.0,5.0,37.0,9.8,118.5,2021.0
DeVonta Smith,466.0,2.1,51.0,64.0,65.0,64.0,17.0,75.0,967.0,12.9,639.0,8.5,639.0,8.5,328.0,4.4,159.0,2.1,8.0,129.0,0.3,83.0,4.0,19.0,41.0,11.0,5.0,2.0,1.0,17.0,75.0,967.0,12.9,639.0,8.5,639.0,8.5,328.0,4.4,159.0,2.1,8.0,129.0,0.3,83.0,4.0,19.0,41.0,11.0,5.0,2.0,1.0,5.0,43.0,13.9,102.1,2021.0
DeAndre Hopkins,269.0,2.1,49.0,77.0,54.0,64.0,15.0,35.0,549.0,15.7,409.0,11.7,409.0,11.7,140.0,4.0,33.0,0.9,1.0,63.0,0.1,41.0,5.0,17.0,25.0,13.0,3.0,1.0,0.0,15.0,35.0,549.0,15.7,409.0,11.7,409.0,11.7,140.0,4.0,33.0,0.9,1.0,63.0,0.1,41.0,5.0,17.0,25.0,13.0,3.0,1.0,0.0,8.0,32.0,12.3,133.6,2021.0
Tyreek Hill,587.0,2.6,75.0,41.0,52.0,63.0,17.0,81.0,1455.0,18.0,804.0,9.9,804.0,9.9,651.0,8.0,251.0,3.1,8.0,128.0,0.2,95.0,11.0,12.0,51.0,22.0,13.0,8.0,6.0,17.0,81.0,1455.0,18.0,804.0,9.9,804.0,9.9,651.0,8.0,251.0,3.1,8.0,128.0,0.2,95.0,11.0,12.0,51.0,22.0,13.0,8.0,6.0,9.0,75.0,10.4,103.7,2021.0
Julio Jones,236.0,2.1,57.0,59.0,56.0,62.0,12.0,38.0,410.0,10.8,309.0,8.1,309.0,8.1,101.0,2.7,26.0,0.7,1.0,66.0,0.1,40.0,2.0,4.0,15.0,5.0,1.0,0.0,0.0,12.0,38.0,410.0,10.8,309.0,8.1,309.0,8.1,101.0,2.7,26.0,0.7,1.0,66.0,0.1,40.0,2.0,4.0,15.0,5.0,1.0,0.0,0.0,1.0,19.0,12.1,83.2,2021.0
Mike Williams,534.0,2.1,54.0,55.0,62.0,61.0,13.0,63.0,869.0,13.8,621.0,9.9,621.0,9.9,248.0,3.9,99.0,1.6,2.0,105.0,0.2,72.0,8.0,11.0,45.0,10.0,3.0,3.0,1.0,13.0,63.0,869.0,13.8,621.0,9.9,621.0,9.9,248.0,3.9,99.0,1.6,2.0,105.0,0.2,72.0,8.0,11.0,45.0,10.0,3.0,3.0,1.0,9.0,51.0,11.6,108.2,2021.0
Keenan Allen,581.0,2.0,72.0,57.0,36.0,61.0,16.0,53.0,734.0,13.8,532.0,10.0,532.0,10.0,202.0,3.8,37.0,0.7,2.0,85.0,0.2,57.0,3.0,11.0,33.0,10.0,4.0,1.0,0.0,16.0,53.0,734.0,13.8,532.0,10.0,532.0,10.0,202.0,3.8,37.0,0.7,2.0,85.0,0.2,57.0,3.0,11.0,33.0,10.0,4.0,1.0,0.0,6.0,66.0,8.4,88.0,2021.0
Deebo Samuel,460.0,3.4,48.0,31.0,99.0,61.0,17.0,56.0,826.0,14.7,477.0,8.5,477.0,8.5,347.0,6.2,140.0,2.5,3.0,84.0,0.1,62.0,4.0,10.0,35.0,16.0,6.0,1.0,0.0,17.0,56.0,826.0,14.7,477.0,8.5,477.0,8.5,347.0,6.2,140.0,2.5,3.0,84.0,0.1,62.0,4.0,10.0,35.0,16.0,6.0,1.0,0.0,6.0,51.0,8.4,106.2,2021.0
Christian Kirk,476.0,2.2,57.0,76.0,37.0,61.0,16.0,73.0,1175.0,16.1,898.0,12.3,898.0,12.3,277.0,3.8,65.0,0.9,2.0,107.0,0.2,73.0,0.0,7.0,36.0,22.0,9.0,7.0,5.0,16.0,73.0,1175.0,16.1,898.0,12.3,898.0,12.3,277.0,3.8,65.0,0.9,2.0,107.0,0.2,73.0,0.0,7.0,36.0,22.0,9.0,7.0,5.0,5.0,44.0,11.6,112.2,2021.0
CeeDee Lamb,523.0,2.1,58.0,45.0,70.0,61.0,16.0,74.0,1035.0,14.0,776.0,10.5,776.0,10.5,259.0,3.5,63.0,0.9,2.0,114.0,0.2,76.0,2.0,18.0,42.0,20.0,7.0,3.0,0.0,16.0,74.0,1035.0,14.0,776.0,10.5,776.0,10.5,259.0,3.5,63.0,0.9,2.0,114.0,0.2,76.0,2.0,18.0,42.0,20.0,7.0,3.0,0.0,6.0,54.0,10.3,91.0,2021.0
Marquise Brown,589.0,1.7,75.0,39.0,50.0,60.0,17.0,58.0,776.0,13.4,641.0,11.1,641.0,11.1,135.0,2.3,36.0,0.6,1.0,98.0,0.2,61.0,3.0,10.0,32.0,9.0,7.0,2.0,1.0,17.0,58.0,776.0,13.4,641.0,11.1,641.0,11.1,135.0,2.3,36.0,0.6,1.0,98.0,0.2,61.0,3.0,10.0,32.0,9.0,7.0,2.0,1.0,6.0,41.0,11.1,87.9,2021.0
Chris Godwin,464.0,2.4,47.0,66.0,59.0,60.0,15.0,68.0,865.0,12.7,630.0,9.3,630.0,9.3,235.0,3.5,81.0,1.2,4.0,104.0,0.2,72.0,4.0,17.0,36.0,15.0,4.0,1.0,0.0,15.0,68.0,865.0,12.7,630.0,9.3,630.0,9.3,235.0,3.5,81.0,1.2,4.0,104.0,0.2,72.0,4.0,17.0,36.0,15.0,4.0,1.0,0.0,5.0,55.0,7.3,109.1,2021.0
Brandin Cooks,439.0,2.4,54.0,66.0,48.0,60.0,9.0,45.0,556.0,12.4,358.0,8.0,358.0,8.0,198.0,4.4,71.0,1.6,0.0,69.0,0.1,48.0,3.0,16.0,25.0,8.0,0.0,0.0,0.0,9.0,45.0,556.0,12.4,358.0,8.0,358.0,8.0,198.0,4.4,71.0,1.6,0.0,69.0,0.1,48.0,3.0,16.0,25.0,8.0,0.0,0.0,0.0,6.0,45.0,10.5,95.9,2021.0
Tyler Boyd,613.0,1.5,58.0,56.0,52.0,59.0,17.0,77.0,982.0,12.9,769.0,10.0,769.0,10.0,228.0,3.0,63.0,0.8,1.0,103.0,0.2,85.0,6.0,10.0,34.0,16.0,7.0,4.0,1.0,17.0,77.0,982.0,12.9,769.0,10.0,769.0,10.0,228.0,3.0,63.0,0.8,1.0,103.0,0.2,85.0,6.0,10.0,34.0,16.0,7.0,4.0,1.0,5.0,37.0,7.7,98.2,2021.0
Terry McLaurin,515.0,2.0,42.0,74.0,53.0,58.0,16.0,79.0,1102.0,13.9,661.0,8.4,661.0,8.4,441.0,5.6,198.0,2.5,12.0,120.0,0.2,89.0,8.0,10.0,46.0,20.0,9.0,2.0,0.0,16.0,79.0,1102.0,13.9,661.0,8.4,661.0,8.4,441.0,5.6,198.0,2.5,12.0,120.0,0.2,89.0,8.0,10.0,46.0,20.0,9.0,2.0,0.0,5.0,47.0,13.1,85.2,2021.0
Jerry Jeudy,228.0,2.0,79.0,31.0,50.0,58.0,17.0,93.0,1157.0,12.4,731.0,7.9,731.0,7.9,426.0,4.6,127.0,1.4,4.0,163.0,0.3,107.0,10.0,13.0,52.0,16.0,2.0,1.0,1.0,17.0,93.0,1157.0,12.4,731.0,7.9,731.0,7.9,426.0,4.6,127.0,1.4,4.0,163.0,0.3,107.0,10.0,13.0,52.0,16.0,2.0,1.0,1.0,0.0,22.0,10.5,85.9,2021.0
Kalif Raymond,406.0,1.4,54.0,53.0,55.0,57.0,17.0,43.0,647.0,15.0,393.0,9.1,393.0,9.1,254.0,5.9,69.0,1.6,5.0,62.0,0.1,45.0,1.0,7.0,24.0,12.0,5.0,3.0,2.0,17.0,43.0,647.0,15.0,393.0,9.1,393.0,9.1,254.0,5.9,69.0,1.6,5.0,62.0,0.1,45.0,1.0,7.0,24.0,12.0,5.0,3.0,2.0,4.0,28.0,10.2,105.1,2021.0
Jarvis Landry,279.0,2.0,60.0,44.0,59.0,57.0,14.0,20.0,313.0,15.7,230.0,11.5,230.0,11.5,83.0,4.2,33.0,1.7,0.0,40.0,0.1,23.0,2.0,3.0,13.0,5.0,2.0,2.0,1.0,14.0,20.0,313.0,15.7,230.0,11.5,230.0,11.5,83.0,4.2,33.0,1.7,0.0,40.0,0.1,23.0,2.0,3.0,13.0,5.0,2.0,2.0,1.0,2.0,30.0,7.9,62.9,2021.0
Zay Jones,383.0,1.6,63.0,54.0,40.0,56.0,17.0,55.0,800.0,14.5,415.0,7.5,415.0,7.5,385.0,7.0,91.0,1.7,5.0,70.0,0.1,57.0,2.0,7.0,28.0,10.0,6.0,5.0,1.0,17.0,55.0,800.0,14.5,415.0,7.5,415.0,7.5,385.0,7.0,91.0,1.7,5.0,70.0,0.1,57.0,2.0,7.0,28.0,10.0,6.0,5.0,1.0,1.0,29.0,14.0,65.5,2021.0
Elijah Moore,275.0,2.0,70.0,33.0,55.0,56.0,11.0,29.0,396.0,13.7,277.0,9.6,277.0,9.6,119.0,4.1,53.0,1.8,2.0,49.0,0.1,31.0,1.0,6.0,19.0,6.0,1.0,0.0,0.0,11.0,29.0,396.0,13.7,277.0,9.6,277.0,9.6,119.0,4.1,53.0,1.8,2.0,49.0,0.1,31.0,1.0,6.0,19.0,6.0,1.0,0.0,0.0,5.0,24.0,11.7,77.7,2021.0
Courtland Sutton,492.0,1.6,65.0,56.0,36.0,56.0,13.0,66.0,770.0,11.7,516.0,7.8,516.0,7.8,254.0,3.8,89.0,1.3,5.0,94.0,0.2,73.0,5.0,13.0,31.0,8.0,2.0,1.0,0.0,13.0,66.0,770.0,11.7,516.0,7.8,516.0,7.8,254.0,3.8,89.0,1.3,5.0,94.0,0.2,73.0,5.0,13.0,31.0,8.0,2.0,1.0,0.0,2.0,35.0,15.4,78.4,2021.0
Rashod Bateman,382.0,1.3,44.0,68.0,50.0,55.0,8.0,19.0,208.0,10.9,147.0,7.7,147.0,7.7,61.0,3.2,31.0,1.6,0.0,32.0,0.1,20.0,1.0,5.0,6.0,4.0,1.0,0.0,0.0,8.0,19.0,208.0,10.9,147.0,7.7,147.0,7.7,61.0,3.2,31.0,1.6,0.0,32.0,0.1,20.0,1.0,5.0,6.0,4.0,1.0,0.0,0.0,1.0,29.0,8.8,76.5,2021.0
Quez Watkins,366.0,1.9,43.0,59.0,61.0,55.0,12.0,24.0,229.0,9.5,108.0,4.5,108.0,4.5,121.0,5.0,38.0,1.6,0.0,39.0,0.1,26.0,1.0,3.0,6.0,4.0,0.0,0.0,0.0,12.0,24.0,229.0,9.5,108.0,4.5,108.0,4.5,121.0,5.0,38.0,1.6,0.0,39.0,0.1,26.0,1.0,3.0,6.0,4.0,0.0,0.0,0.0,1.0,25.0,12.0,88.6,2021.0
K.J. Osborn,431.0,1.5,50.0,60.0,48.0,54.0,14.0,40.0,513.0,12.8,345.0,8.6,345.0,8.6,168.0,4.2,59.0,1.5,1.0,60.0,0.1,41.0,1.0,14.0,21.0,8.0,3.0,1.0,0.0,14.0,40.0,513.0,12.8,345.0,8.6,345.0,8.6,168.0,4.2,59.0,1.5,1.0,60.0,0.1,41.0,1.0,14.0,21.0,8.0,3.0,1.0,0.0,7.0,26.0,10.5,99.4,2021.0
Marquez Callaway,384.0,1.8,56.0,50.0,47.0,53.0,12.0,24.0,213.0,8.9,154.0,6.4,154.0,6.4,59.0,2.5,36.0,1.5,1.0,38.0,0.1,26.0,2.0,2.0,8.0,2.0,0.0,0.0,0.0,12.0,24.0,213.0,8.9,154.0,6.4,154.0,6.4,59.0,2.5,36.0,1.5,1.0,38.0,0.1,26.0,2.0,2.0,8.0,2.0,0.0,0.0,0.0,6.0,32.0,12.6,101.2,2021.0
Jamison Crowder,338.0,1.3,48.0,47.0,60.0,52.0,9.0,5.0,32.0,6.4,27.0,5.4,27.0,5.4,5.0,1.0,0.0,0.0,0.0,14.0,0.0,8.0,2.0,3.0,1.0,0.0,0.0,0.0,0.0,9.0,5.0,32.0,6.4,27.0,5.4,27.0,5.4,5.0,1.0,0.0,0.0,0.0,14.0,0.0,8.0,2.0,3.0,1.0,0.0,0.0,0.0,0.0,2.0,24.0,6.2,85.8,2021.0
Donovan Peoples-Jones,351.0,1.7,35.0,62.0,61.0,52.0,10.0,42.0,572.0,13.6,432.0,10.3,432.0,10.3,140.0,3.3,46.0,1.1,0.0,64.0,0.1,44.0,1.0,14.0,27.0,7.0,4.0,1.0,1.0,10.0,42.0,572.0,13.6,432.0,10.3,432.0,10.3,140.0,3.3,46.0,1.1,0.0,64.0,0.1,44.0,1.0,14.0,27.0,7.0,4.0,1.0,1.0,3.0,26.0,15.4,89.5,2021.0
Nelson Agholor,388.0,1.3,39.0,59.0,56.0,50.0,16.0,33.0,272.0,8.2,131.0,4.0,131.0,4.0,141.0,4.3,38.0,1.2,1.0,47.0,0.1,33.0,0.0,8.0,10.0,1.0,0.0,0.0,0.0,16.0,33.0,272.0,8.2,131.0,4.0,131.0,4.0,141.0,4.3,38.0,1.2,1.0,47.0,0.1,33.0,0.0,8.0,10.0,1.0,0.0,0.0,0.0,3.0,23.0,14.2,77.1,2021.0
Marquez Valdes-Scantling,264.0,1.6,48.0,50.0,53.0,50.0,14.0,44.0,537.0,12.2,386.0,8.8,386.0,8.8,151.0,3.4,29.0,0.7,1.0,82.0,0.2,50.0,2.0,12.0,19.0,7.0,2.0,2.0,1.0,14.0,44.0,537.0,12.2,386.0,8.8,386.0,8.8,151.0,3.4,29.0,0.7,1.0,82.0,0.2,50.0,2.0,12.0,19.0,7.0,2.0,2.0,1.0,3.0,18.0,17.9,84.7,2021.0
Cole Beasley,475.0,1.6,66.0,41.0,38.0,50.0,17.0,3.0,55.0,18.3,25.0,8.3,25.0,8.3,30.0,10.0,2.0,0.7,0.0,4.0,0.0,3.0,0.0,0.0,3.0,1.0,0.0,0.0,0.0,17.0,3.0,55.0,18.3,25.0,8.3,25.0,8.3,30.0,10.0,2.0,0.7,0.0,4.0,0.0,3.0,0.0,0.0,3.0,1.0,0.0,0.0,0.0,1.0,34.0,5.6,80.7,2021.0
Robert Woods,268.0,2.1,59.0,46.0,40.0,49.0,11.0,26.0,430.0,16.5,284.0,10.9,284.0,10.9,146.0,5.6,28.0,1.1,0.0,55.0,0.1,26.0,0.0,8.0,12.0,8.0,5.0,3.0,1.0,11.0,26.0,430.0,16.5,284.0,10.9,284.0,10.9,146.0,5.6,28.0,1.1,0.0,55.0,0.1,26.0,0.0,8.0,12.0,8.0,5.0,3.0,1.0,4.0,34.0,8.2,103.3,2021.0
Jaylen Waddle,520.0,2.0,50.0,52.0,43.0,48.0,17.0,111.0,1239.0,11.2,795.0,7.2,795.0,7.2,444.0,4.0,114.0,1.0,10.0,159.0,0.3,121.0,7.0,23.0,49.0,13.0,7.0,3.0,1.0,17.0,111.0,1239.0,11.2,795.0,7.2,795.0,7.2,444.0,4.0,114.0,1.0,10.0,159.0,0.3,121.0,7.0,23.0,49.0,13.0,7.0,3.0,1.0,6.0,59.0,7.1,87.6,2021.0
Byron Pringle,425.0,1.5,44.0,53.0,50.0,48.0,12.0,18.0,250.0,13.9,132.0,7.3,132.0,7.3,118.0,6.6,36.0,2.0,1.0,25.0,0.0,19.0,0.0,2.0,9.0,4.0,1.0,1.0,1.0,12.0,18.0,250.0,13.9,132.0,7.3,132.0,7.3,118.0,6.6,36.0,2.0,1.0,25.0,0.0,19.0,0.0,2.0,9.0,4.0,1.0,1.0,1.0,5.0,32.0,10.7,127.6,2021.0
Bryan Edwards,464.0,1.3,37.0,48.0,65.0,48.0,6.0,5.0,33.0,6.6,19.0,3.8,19.0,3.8,14.0,2.8,4.0,0.8,0.0,6.0,0.0,6.0,1.0,0.0,1.0,0.0,0.0,0.0,0.0,6.0,5.0,33.0,6.6,19.0,3.8,19.0,3.8,14.0,2.8,4.0,0.8,0.0,6.0,0.0,6.0,1.0,0.0,1.0,0.0,0.0,0.0,0.0,3.0,26.0,14.0,107.4,2021.0
Braxton Berrios,219.0,2.0,39.0,60.0,47.0,47.0,7.0,36.0,366.0,10.2,255.0,7.1,255.0,7.1,111.0,3.1,58.0,1.6,1.0,53.0,0.1,40.0,4.0,9.0,15.0,4.0,1.0,0.0,0.0,7.0,36.0,366.0,10.2,255.0,7.1,255.0,7.1,111.0,3.1,58.0,1.6,1.0,53.0,0.1,40.0,4.0,9.0,15.0,4.0,1.0,0.0,0.0,2.0,21.0,5.1,92.5,2021.0
A.J. Green,461.0,1.8,52.0,45.0,44.0,46.0,17.0,41.0,383.0,9.3,233.0,5.7,233.0,5.7,150.0,3.7,26.0,0.6,2.0,62.0,0.1,46.0,3.0,4.0,18.0,4.0,0.0,0.0,0.0,17.0,41.0,383.0,9.3,233.0,5.7,233.0,5.7,150.0,3.7,26.0,0.6,2.0,62.0,0.1,46.0,3.0,4.0,18.0,4.0,0.0,0.0,0.0,3.0,37.0,12.2,91.2,2021.0
Michael Gallup,288.0,1.5,42.0,51.0,48.0,44.0,16.0,31.0,448.0,14.2,292.0,9.4,292.0,9.4,149.0,4.8,64.0,2.1,2.0,48.0,0.1,36.0,4.0,7.0,18.0,4.0,3.0,2.0,1.0,16.0,31.0,448.0,14.2,292.0,9.4,292.0,9.4,149.0,4.8,64.0,2.1,2.0,48.0,0.1,36.0,4.0,7.0,18.0,4.0,3.0,2.0,1.0,2.0,23.0,11.5,89.8,2021.0
Allen Lazard,387.0,1.3,41.0,59.0,39.0,44.0,17.0,64.0,916.0,14.3,696.0,10.9,696.0,10.9,220.0,3.4,62.0,1.0,2.0,104.0,0.2,70.0,2.0,8.0,39.0,16.0,5.0,1.0,0.0,17.0,64.0,916.0,14.3,696.0,10.9,696.0,10.9,220.0,3.4,62.0,1.0,2.0,104.0,0.2,70.0,2.0,8.0,39.0,16.0,5.0,1.0,0.0,8.0,28.0,10.9,132.8,2021.0
Van Jefferson,603.0,1.5,43.0,43.0,49.0,42.0,14.0,20.0,454.0,22.7,279.0,14.0,279.0,14.0,175.0,8.8,15.0,0.8,0.0,34.0,0.1,21.0,1.0,0.0,13.0,6.0,6.0,4.0,3.0,14.0,20.0,454.0,22.7,279.0,14.0,279.0,14.0,175.0,8.8,15.0,0.8,0.0,34.0,0.1,21.0,1.0,0.0,13.0,6.0,6.0,4.0,3.0,6.0,32.0,13.5,104.2,2021.0
Nick Westbrook-Ikhine,296.0,1.6,40.0,52.0,45.0,42.0,13.0,24.0,282.0,11.8,179.0,7.5,179.0,7.5,103.0,4.3,42.0,1.8,2.0,38.0,0.1,29.0,5.0,7.0,12.0,4.0,1.0,0.0,0.0,13.0,24.0,282.0,11.8,179.0,7.5,179.0,7.5,103.0,4.3,42.0,1.8,2.0,38.0,0.1,29.0,5.0,7.0,12.0,4.0,1.0,0.0,0.0,4.0,23.0,10.5,115.8,2021.0
Darnell Mooney,548.0,1.9,63.0,16.0,48.0,40.0,7.0,24.0,469.0,19.5,360.0,15.0,360.0,15.0,109.0,4.5,32.0,1.3,3.0,36.0,0.1,26.0,2.0,1.0,14.0,9.0,6.0,4.0,2.0,7.0,24.0,469.0,19.5,360.0,15.0,360.0,15.0,109.0,4.5,32.0,1.3,3.0,36.0,0.1,26.0,2.0,1.0,14.0,9.0,6.0,4.0,2.0,4.0,49.0,11.1,67.4,2021.0
Chase Claypool,461.0,1.9,51.0,32.0,45.0,39.0,12.0,51.0,447.0,8.7,273.0,5.4,273.0,5.4,169.0,3.3,47.0,0.9,0.0,71.0,0.1,55.0,2.0,11.0,19.0,3.0,0.0,0.0,0.0,12.0,51.0,447.0,8.7,273.0,5.4,273.0,5.4,169.0,3.3,47.0,0.9,0.0,71.0,0.1,55.0,2.0,11.0,19.0,3.0,0.0,0.0,0.0,2.0,35.0,11.4,77.5,2021.0
Nico Collins,319.0,1.4,32.0,45.0,50.0,36.0,15.0,47.0,546.0,11.6,376.0,8.0,376.0,8.0,170.0,3.6,39.0,0.8,3.0,70.0,0.1,50.0,2.0,5.0,22.0,8.0,4.0,2.0,0.0,15.0,47.0,546.0,11.6,376.0,8.0,376.0,8.0,170.0,3.6,39.0,0.8,3.0,70.0,0.1,50.0,2.0,5.0,22.0,8.0,4.0,2.0,0.0,1.0,22.0,10.6,77.5,2021.0
Kenny Golladay,360.0,1.4,33.0,46.0,45.0,36.0,7.0,9.0,160.0,17.8,65.0,7.2,65.0,7.2,95.0,10.6,26.0,2.9,1.0,19.0,0.0,9.0,0.0,3.0,7.0,3.0,1.0,1.0,1.0,7.0,9.0,160.0,17.8,65.0,7.2,65.0,7.2,95.0,10.6,26.0,2.9,1.0,19.0,0.0,9.0,0.0,3.0,7.0,3.0,1.0,1.0,1.0,0.0,27.0,13.7,54.8,2021.0
Corey Davis,253.0,1.9,26.0,43.0,62.0,36.0,10.0,40.0,515.0,12.9,411.0,10.3,411.0,10.3,104.0,2.6,46.0,1.2,1.0,73.0,0.1,51.0,4.0,6.0,22.0,7.0,3.0,1.0,0.0,10.0,40.0,515.0,12.9,411.0,10.3,411.0,10.3,104.0,2.6,46.0,1.2,1.0,73.0,0.1,51.0,4.0,6.0,22.0,7.0,3.0,1.0,0.0,4.0,23.0,13.1,72.1,2021.0
DeVante Parker,315.0,1.6,23.0,55.0,45.0,34.0,16.0,82.0,693.0,8.5,388.0,4.7,388.0,4.7,305.0,3.7,71.0,0.9,0.0,112.0,0.2,88.0,6.0,13.0,26.0,5.0,0.0,0.0,0.0,16.0,82.0,693.0,8.5,388.0,4.7,388.0,4.7,305.0,3.7,71.0,0.9,0.0,112.0,0.2,88.0,6.0,13.0,26.0,5.0,0.0,0.0,0.0,2.0,29.0,11.5,86.3,2021.0
Olamide Zaccheaus,334.0,1.2,31.0,32.0,50.0,29.0,16.0,34.0,571.0,16.8,381.0,11.2,381.0,11.2,190.0,5.6,82.0,2.4,6.0,59.0,0.1,35.0,1.0,8.0,24.0,11.0,6.0,1.0,1.0,16.0,34.0,571.0,16.8,381.0,11.2,381.0,11.2,190.0,5.6,82.0,2.4,6.0,59.0,0.1,35.0,1.0,8.0,24.0,11.0,6.0,1.0,1.0,3.0,22.0,9.0,85.9,2021.0
Zach Pascal,414.0,0.9,43.0,18.0,40.0,25.0,13.0,10.0,135.0,13.5,125.0,12.5,125.0,12.5,10.0,1.0,0.0,0.0,0.0,23.0,0.0,12.0,1.0,2.0,5.0,1.0,1.0,1.0,0.0,13.0,10.0,135.0,13.5,125.0,12.5,125.0,12.5,10.0,1.0,0.0,0.0,0.0,23.0,0.0,12.0,1.0,2.0,5.0,1.0,1.0,1.0,0.0,3.0,16.0,8.8,79.6,2021.0
Darius Slayton,308.0,1.1,29.0,18.0,39.0,16.0,17.0,53.0,519.0,9.8,361.0,6.8,361.0,6.8,158.0,3.0,32.0,0.6,2.0,110.0,0.2,63.0,7.0,8.0,21.0,3.0,1.0,1.0,1.0,17.0,53.0,519.0,9.8,361.0,6.8,361.0,6.8,158.0,3.0,32.0,0.6,2.0,110.0,0.2,63.0,7.0,8.0,21.0,3.0,1.0,1.0,1.0,2.0,14.0,13.3,53.7,2021.0